height_mm,volume_litres
0.000,0.000000
0.500,0.000105
1.000,0.000654
1.500,0.001825
2.000,0.003715
2.500,0.006384
3.000,0.009876
3.500,0.014225
4.000,0.019456
4.500,0.025590
5.000,0.032646
5.500,0.040639
6.000,0.049582
6.500,0.059485
7.000,0.070360
7.500,0.082215
8.000,0.095058
8.500,0.108896
9.000,0.123736
9.500,0.139583
10.000,0.156443
10.500,0.174321
11.000,0.193221
11.500,0.213147
12.000,0.234104
12.500,0.256095
13.000,0.279123
13.500,0.303191
14.000,0.328302
14.500,0.354459
15.000,0.381665
15.500,0.409921
16.000,0.439230
16.500,0.469594
17.000,0.501015
17.500,0.533494
18.000,0.567034
18.500,0.601636
19.000,0.637301
19.500,0.674032
20.000,0.711828
20.500,0.750693
21.000,0.790625
21.500,0.831628
22.000,0.873702
22.500,0.916847
23.000,0.961065
23.500,1.006357
24.000,1.052724
24.500,1.100166
25.000,1.148684
25.500,1.198278
26.000,1.248950
26.500,1.300700
27.000,1.353528
27.500,1.407436
28.000,1.462423
28.500,1.518490
29.000,1.575638
29.500,1.633866
30.000,1.693176
30.500,1.753567
31.000,1.815040
31.500,1.877595
32.000,1.941233
32.500,2.005953
33.000,2.071756
33.500,2.138643
34.000,2.206612
34.500,2.275665
35.000,2.345802
35.500,2.417022
36.000,2.489326
36.500,2.562713
37.000,2.637185
37.500,2.712740
38.000,2.789380
38.500,2.867103
39.000,2.945911
39.500,3.025802
40.000,3.106777
40.500,3.188836
41.000,3.271979
41.500,3.356206
42.000,3.441516
42.500,3.527910
43.000,3.615387
43.500,3.703948
44.000,3.793592
44.500,3.884319
45.000,3.976128
45.500,4.069021
46.000,4.162996
46.500,4.258053
47.000,4.354193
47.500,4.451415
48.000,4.549718
48.500,4.649103
49.000,4.749569
49.500,4.851117
50.000,4.953745
50.500,5.057454
51.000,5.162243
51.500,5.268112
52.000,5.375061
52.500,5.483090
53.000,5.592198
53.500,5.702385
54.000,5.813650
54.500,5.925994
55.000,6.039416
55.500,6.153915
56.000,6.269492
56.500,6.386146
57.000,6.503877
57.500,6.622684
58.000,6.742567
58.500,6.863526
59.000,6.985560
59.500,7.108669
60.000,7.232852
60.500,7.358110
61.000,7.484441
61.500,7.611846
62.000,7.740324
62.500,7.869875
63.000,8.000498
63.500,8.132193
64.000,8.264959
64.500,8.398796
65.000,8.533704
65.500,8.669682
66.000,8.806730
66.500,8.944847
67.000,9.084033
67.500,9.224288
68.000,9.365611
68.500,9.508001
69.000,9.651458
69.500,9.795982
70.000,9.941572
70.500,10.088345
71.000,10.236386
71.500,10.385652
72.000,10.536103
72.500,10.687705
73.000,10.840424
73.500,10.994230
74.000,11.149095
74.500,11.304992
75.000,11.461897
75.500,11.619786
76.000,11.778639
76.500,11.938433
77.000,12.099151
77.500,12.260772
78.000,12.423281
78.500,12.586659
79.000,12.750892
79.500,12.915963
80.000,13.081857
80.500,13.248562
81.000,13.416063
81.500,13.584347
82.000,13.753402
82.500,13.923215
83.000,14.093775
83.500,14.265070
84.000,14.437090
84.500,14.609823
85.000,14.783260
85.500,14.957390
86.000,15.132204
86.500,15.307692
87.000,15.483846
87.500,15.660655
88.000,15.838111
88.500,16.016207
89.000,16.194932
89.500,16.374280
90.000,16.554242
90.500,16.734810
91.000,16.915978
91.500,17.097737
92.000,17.280080
92.500,17.463000
93.000,17.646489
93.500,17.830542
94.000,18.015152
94.500,18.200311
95.000,18.386013
95.500,18.572252
96.000,18.759022
96.500,18.946316
97.000,19.134128
97.500,19.322453
98.000,19.511284
98.500,19.700616
99.000,19.890443
99.500,20.080759
100.000,20.271559
100.500,20.462837
101.000,20.654588
101.500,20.846806
102.000,21.039488
102.500,21.232626
103.000,21.426216
103.500,21.620254
104.000,21.814733
104.500,22.009650
105.000,22.204999
105.500,22.400775
106.000,22.596975
106.500,22.793592
107.000,22.990623
107.500,23.188062
108.000,23.385906
108.500,23.584149
109.000,23.782788
109.500,23.981818
110.000,24.181234
110.500,24.381033
111.000,24.581209
111.500,24.781759
112.000,24.982679
112.500,25.183963
113.000,25.385609
113.500,25.587613
114.000,25.789969
114.500,25.992674
115.000,26.195724
115.500,26.399115
116.000,26.602843
116.500,26.806905
117.000,27.011296
117.500,27.216012
118.000,27.421050
118.500,27.626406
119.000,27.832077
119.500,28.038057
120.000,28.244345
120.500,28.450935
121.000,28.657825
121.500,28.865011
122.000,29.072488
122.500,29.280255
123.000,29.488306
123.500,29.696639
124.000,29.905250
124.500,30.114135
125.000,30.323291
125.500,30.532715
126.000,30.742403
126.500,30.952351
127.000,31.162557
127.500,31.373017
128.000,31.583727
128.500,31.794684
129.000,32.005885
129.500,32.217327
130.000,32.429006
130.500,32.640919
131.000,32.853062
131.500,33.065433
132.000,33.278028
132.500,33.490844
133.000,33.703878
133.500,33.917126
134.000,34.130586
134.500,34.344254
135.000,34.558127
135.500,34.772201
136.000,34.986475
136.500,35.200944
137.000,35.415606
137.500,35.630457
138.000,35.845494
138.500,36.060715
139.000,36.276116
139.500,36.491694
140.000,36.707446
140.500,36.923369
141.000,37.139460
141.500,37.355717
142.000,37.572135
142.500,37.788712
143.000,38.005446
143.500,38.222332
144.000,38.439369
144.500,38.656552
145.000,38.873880
145.500,39.091349
146.000,39.308956
146.500,39.526699
147.000,39.744574
147.500,39.962579
148.000,40.180710
148.500,40.398965
149.000,40.617340
149.500,40.835834
150.000,41.054443
150.500,41.273163
151.000,41.491993
151.500,41.710930
152.000,41.929969
152.500,42.149110
153.000,42.368348
153.500,42.587682
154.000,42.807107
154.500,43.026622
155.000,43.246223
155.500,43.465908
156.000,43.685673
156.500,43.905517
157.000,44.125436
157.500,44.345427
158.000,44.565487
158.500,44.785615
159.000,45.005806
159.500,45.226058
160.000,45.446369
160.500,45.666735
161.000,45.887154
161.500,46.107623
162.000,46.328139
162.500,46.548699
163.000,46.769301
163.500,46.989942
164.000,47.210619
164.500,47.431329
165.000,47.652069
165.500,47.872837
166.000,48.093630
166.500,48.314446
167.000,48.535280
167.500,48.756132
168.000,48.976997
168.500,49.197873
169.000,49.418757
169.500,49.639647
170.000,49.860540
170.500,50.081433
171.000,50.302327
171.500,50.523220
172.000,50.744113
172.500,50.965006
173.000,51.185900
173.500,51.406793
174.000,51.627686
174.500,51.848579
175.000,52.069473
175.500,52.290366
176.000,52.511259
176.500,52.732152
177.000,52.953045
177.500,53.173939
178.000,53.394832
178.500,53.615725
179.000,53.836618
179.500,54.057512
180.000,54.278405
180.500,54.499298
181.000,54.720191
181.500,54.941085
182.000,55.161978
182.500,55.382871
183.000,55.603764
183.500,55.824657
184.000,56.045551
184.500,56.266444
185.000,56.487337
185.500,56.708230
186.000,56.929124
186.500,57.150017
187.000,57.370910
187.500,57.591803
188.000,57.812697
188.500,58.033590
189.000,58.254483
189.500,58.475376
190.000,58.696270
190.500,58.917163
191.000,59.138056
191.500,59.358949
192.000,59.579842
192.500,59.800736
193.000,60.021629
193.500,60.242522
194.000,60.463415
194.500,60.684309
195.000,60.905202
195.500,61.126095
196.000,61.346988
196.500,61.567882
197.000,61.788775
197.500,62.009668
198.000,62.230561
198.500,62.451454
199.000,62.672348
199.500,62.893241
200.000,63.114134
200.500,63.335027
201.000,63.555921
201.500,63.776814
202.000,63.997707
202.500,64.218600
203.000,64.439494
203.500,64.660387
204.000,64.881280
204.500,65.102173
205.000,65.323067
205.500,65.543960
206.000,65.764853
206.500,65.985746
207.000,66.206639
207.500,66.427533
208.000,66.648426
208.500,66.869319
209.000,67.090212
209.500,67.311106
210.000,67.531999
210.500,67.752892
211.000,67.973785
211.500,68.194679
212.000,68.415572
212.500,68.636465
213.000,68.857358
213.500,69.078251
214.000,69.299145
214.500,69.520038
215.000,69.740931
215.500,69.961824
216.000,70.182718
216.500,70.403611
217.000,70.624504
217.500,70.845397
218.000,71.066291
218.500,71.287184
219.000,71.508077
219.500,71.728970
220.000,71.949864
220.500,72.170757
221.000,72.391650
221.500,72.612543
222.000,72.833436
222.500,73.054330
223.000,73.275223
223.500,73.496116
224.000,73.717009
224.500,73.937903
225.000,74.158796
225.500,74.379689
226.000,74.600582
226.500,74.821476
227.000,75.042369
227.500,75.263262
228.000,75.484155
228.500,75.705048
229.000,75.925942
229.500,76.146835
230.000,76.367728
230.500,76.588621
231.000,76.809515
231.500,77.030408
232.000,77.251301
232.500,77.472194
233.000,77.693088
233.500,77.913981
234.000,78.134874
234.500,78.355767
235.000,78.576661
235.500,78.797554
236.000,79.018447
236.500,79.239340
237.000,79.460233
237.500,79.681127
238.000,79.902020
238.500,80.122913
239.000,80.343806
239.500,80.564700
240.000,80.785593
240.500,81.006486
241.000,81.227379
241.500,81.448273
242.000,81.669166
242.500,81.890059
243.000,82.110952
243.500,82.331845
244.000,82.552739
244.500,82.773632
245.000,82.994525
245.500,83.215418
246.000,83.436312
246.500,83.657205
247.000,83.878098
247.500,84.098991
248.000,84.319885
248.500,84.540778
249.000,84.761671
249.500,84.982564
250.000,85.203458
250.500,85.424351
251.000,85.645244
251.500,85.866137
252.000,86.087030
252.500,86.307924
253.000,86.528817
253.500,86.749710
254.000,86.970603
254.500,87.191497
255.000,87.412390
255.500,87.633283
256.000,87.854176
256.500,88.075070
257.000,88.295963
257.500,88.516856
258.000,88.737749
258.500,88.958643
259.000,89.179536
259.500,89.400429
260.000,89.621322
260.500,89.842215
261.000,90.063109
261.500,90.284002
262.000,90.504895
262.500,90.725788
263.000,90.946682
263.500,91.167575
264.000,91.388468
264.500,91.609361
265.000,91.830255
265.500,92.051148
266.000,92.272041
266.500,92.492934
267.000,92.713827
267.500,92.934721
268.000,93.155614
268.500,93.376507
269.000,93.597400
269.500,93.818294
270.000,94.039187
270.500,94.260080
271.000,94.480973
271.500,94.701867
272.000,94.922760
272.500,95.143653
273.000,95.364546
273.500,95.585440
274.000,95.806333
274.500,96.027226
275.000,96.248119
275.500,96.469012
276.000,96.689906
276.500,96.910799
277.000,97.131692
277.500,97.352585
278.000,97.573479
278.500,97.794372
279.000,98.015265
279.500,98.236158
280.000,98.457052
280.500,98.677945
281.000,98.898838
281.500,99.119731
282.000,99.340624
282.500,99.561518
283.000,99.782411
283.500,100.003304
284.000,100.224197
284.500,100.445091
285.000,100.665984
285.500,100.886877
286.000,101.107770
286.500,101.328664
287.000,101.549557
287.500,101.770450
288.000,101.991343
288.500,102.212237
289.000,102.433130
289.500,102.654023
290.000,102.874916
290.500,103.095809
291.000,103.316703
291.500,103.537596
292.000,103.758489
292.500,103.979382
293.000,104.200276
293.500,104.421169
294.000,104.642062
294.500,104.862955
295.000,105.083849
295.500,105.304742
296.000,105.525635
296.500,105.746528
297.000,105.967421
297.500,106.188315
298.000,106.409208
298.500,106.630101
299.000,106.850994
299.500,107.071888
300.000,107.292781
300.500,107.513674
301.000,107.734567
301.500,107.955461
302.000,108.176354
302.500,108.397247
303.000,108.618140
303.500,108.839034
304.000,109.059927
304.500,109.280820
305.000,109.501713
305.500,109.722606
306.000,109.943500
306.500,110.164393
307.000,110.385286
307.500,110.606179
308.000,110.827073
308.500,111.047966
309.000,111.268859
309.500,111.489752
310.000,111.710646
310.500,111.931539
311.000,112.152432
311.500,112.373325
312.000,112.594218
312.500,112.815112
313.000,113.036005
313.500,113.256898
314.000,113.477791
314.500,113.698685
315.000,113.919578
315.500,114.140471
316.000,114.361364
316.500,114.582258
317.000,114.803151
317.500,115.024044
318.000,115.244937
318.500,115.465831
319.000,115.686724
319.500,115.907617
320.000,116.128510
320.500,116.349403
321.000,116.570297
321.500,116.791190
322.000,117.012083
322.500,117.232976
323.000,117.453870
323.500,117.674763
324.000,117.895656
324.500,118.116549
325.000,118.337443
325.500,118.558336
326.000,118.779229
326.500,119.000122
327.000,119.221015
327.500,119.441909
328.000,119.662802
328.500,119.883695
329.000,120.104588
329.500,120.325482
330.000,120.546375
330.500,120.767268
331.000,120.988161
331.500,121.209055
332.000,121.429948
332.500,121.650841
333.000,121.871734
333.500,122.092628
334.000,122.313521
334.500,122.534414
335.000,122.755307
335.500,122.976200
336.000,123.197094
336.500,123.417987
337.000,123.638880
337.500,123.859773
338.000,124.080667
338.500,124.301560
339.000,124.522453
339.500,124.743346
340.000,124.964240
340.500,125.185133
341.000,125.406026
341.500,125.626919
342.000,125.847812
342.500,126.068706
343.000,126.289599
343.500,126.510492
344.000,126.731385
344.500,126.952279
345.000,127.173172
345.500,127.394065
346.000,127.614958
346.500,127.835852
347.000,128.056745
347.500,128.277638
348.000,128.498531
348.500,128.719425
349.000,128.940318
349.500,129.161211
350.000,129.382104
350.500,129.602997
351.000,129.823891
351.500,130.044784
352.000,130.265677
352.500,130.486570
353.000,130.707464
353.500,130.928357
354.000,131.149250
354.500,131.370143
355.000,131.591037
355.500,131.811930
356.000,132.032823
356.500,132.253716
357.000,132.474609
357.500,132.695503
358.000,132.916396
358.500,133.137289
359.000,133.358182
359.500,133.579076
360.000,133.799969
360.500,134.020862
361.000,134.241755
361.500,134.462649
362.000,134.683542
362.500,134.904435
363.000,135.125328
363.500,135.346222
364.000,135.567115
364.500,135.788008
365.000,136.008901
365.500,136.229794
366.000,136.450688
366.500,136.671581
367.000,136.892474
367.500,137.113367
368.000,137.334261
368.500,137.555154
369.000,137.776047
369.500,137.996940
370.000,138.217834
370.500,138.438727
371.000,138.659620
371.500,138.880513
372.000,139.101406
372.500,139.322300
373.000,139.543193
373.500,139.764086
374.000,139.984979
374.500,140.205873
375.000,140.426766
375.500,140.647659
376.000,140.868552
376.500,141.089446
377.000,141.310339
377.500,141.531232
378.000,141.752125
378.500,141.973019
379.000,142.193912
379.500,142.414805
380.000,142.635698
380.500,142.856591
381.000,143.077485
381.500,143.298378
382.000,143.519271
382.500,143.740164
383.000,143.961058
383.500,144.181951
384.000,144.402844
384.500,144.623737
385.000,144.844631
385.500,145.065524
386.000,145.286417
386.500,145.507310
387.000,145.728204
387.500,145.949097
388.000,146.169990
388.500,146.390883
389.000,146.611776
389.500,146.832670
390.000,147.053563
390.500,147.274456
391.000,147.495349
391.500,147.716243
392.000,147.937136
392.500,148.158029
393.000,148.378922
393.500,148.599816
394.000,148.820709
394.500,149.041602
395.000,149.262495
395.500,149.483388
396.000,149.704282
396.500,149.925175
397.000,150.146068
397.500,150.366961
398.000,150.587855
398.500,150.808748
399.000,151.029641
399.500,151.250534
400.000,151.471428
400.500,151.692321
401.000,151.913214
401.500,152.134107
402.000,152.355001
402.500,152.575894
403.000,152.796787
403.500,153.017680
404.000,153.238573
404.500,153.459467
405.000,153.680360
405.500,153.901253
406.000,154.122146
406.500,154.343040
407.000,154.563933
407.500,154.784826
408.000,155.005719
408.500,155.226613
409.000,155.447506
409.500,155.668399
410.000,155.889292
410.500,156.110185
411.000,156.331079
411.500,156.551972
412.000,156.772865
412.500,156.993758
413.000,157.214652
413.500,157.435545
414.000,157.656438
414.500,157.877331
415.000,158.098225
415.500,158.319118
416.000,158.540011
416.500,158.760904
417.000,158.981798
417.500,159.202691
418.000,159.423584
418.500,159.644477
419.000,159.865370
419.500,160.086264
420.000,160.307157
420.500,160.528050
421.000,160.748943
421.500,160.969837
422.000,161.190730
422.500,161.411623
423.000,161.632516
423.500,161.853410
424.000,162.074303
424.500,162.295196
425.000,162.516089
425.500,162.736982
426.000,162.957876
426.500,163.178769
427.000,163.399662
427.500,163.620555
428.000,163.841449
428.500,164.062342
429.000,164.283235
429.500,164.504128
430.000,164.725022
430.500,164.945915
431.000,165.166808
431.500,165.387701
432.000,165.608595
432.500,165.829488
433.000,166.050381
433.500,166.271274
434.000,166.492167
434.500,166.713061
435.000,166.933954
435.500,167.154847
436.000,167.375740
436.500,167.596634
437.000,167.817527
437.500,168.038420
438.000,168.259313
438.500,168.480207
439.000,168.701100
439.500,168.921993
440.000,169.142886
440.500,169.363779
441.000,169.584673
441.500,169.805566
442.000,170.026459
442.500,170.247352
443.000,170.468246
443.500,170.689139
444.000,170.910032
444.500,171.130925
445.000,171.351819
445.500,171.572712
446.000,171.793605
446.500,172.014498
447.000,172.235392
447.500,172.456285
448.000,172.677178
448.500,172.898071
449.000,173.118964
449.500,173.339858
450.000,173.560751
450.500,173.781644
451.000,174.002537
451.500,174.223431
452.000,174.444324
452.500,174.665217
453.000,174.886110
453.500,175.107004
454.000,175.327897
454.500,175.548790
455.000,175.769683
455.500,175.990576
456.000,176.211470
456.500,176.432363
457.000,176.653256
457.500,176.874149
458.000,177.095043
458.500,177.315936
459.000,177.536829
459.500,177.757722
460.000,177.978616
460.500,178.199509
461.000,178.420402
461.500,178.641295
462.000,178.862189
462.500,179.083082
463.000,179.303975
463.500,179.524868
464.000,179.745761
464.500,179.966655
465.000,180.187548
465.500,180.408441
466.000,180.629334
466.500,180.850228
467.000,181.071121
467.500,181.292014
468.000,181.512907
468.500,181.733801
469.000,181.954694
469.500,182.175587
470.000,182.396480
470.500,182.617373
471.000,182.838267
471.500,183.059160
472.000,183.280053
472.500,183.500946
473.000,183.721840
473.500,183.942733
474.000,184.163626
474.500,184.384519
475.000,184.605413
475.500,184.826306
476.000,185.047199
476.500,185.268092
477.000,185.488986
477.500,185.709879
478.000,185.930772
478.500,186.151665
479.000,186.372558
479.500,186.593452
480.000,186.814345
480.500,187.035238
481.000,187.256131
481.500,187.477025
482.000,187.697918
482.500,187.918811
483.000,188.139704
483.500,188.360598
484.000,188.581491
484.500,188.802384
485.000,189.023277
485.500,189.244170
486.000,189.465064
486.500,189.685957
487.000,189.906850
487.500,190.127743
488.000,190.348637
488.500,190.569530
489.000,190.790423
489.500,191.011316
490.000,191.232210
490.500,191.453103
491.000,191.673996
491.500,191.894889
492.000,192.115783
492.500,192.336676
493.000,192.557569
493.500,192.778462
494.000,192.999355
494.500,193.220249
495.000,193.441142
495.500,193.662035
496.000,193.882928
496.500,194.103822
497.000,194.324715
497.500,194.545608
498.000,194.766501
498.500,194.987395
499.000,195.208288
499.500,195.429181
500.000,195.650074
500.500,195.870967
501.000,196.091861
501.500,196.312754
502.000,196.533647
502.500,196.754540
503.000,196.975434
503.500,197.196327
504.000,197.417220
504.500,197.638113
505.000,197.859007
505.500,198.079900
506.000,198.300793
506.500,198.521686
507.000,198.742580
507.500,198.963473
508.000,199.184366
508.500,199.405259
509.000,199.626152
509.500,199.847046
510.000,200.067939
510.500,200.288832
511.000,200.509725
511.500,200.730619
512.000,200.951512
512.500,201.172405
513.000,201.393298
513.500,201.614192
514.000,201.835085
514.500,202.055978
515.000,202.276871
515.500,202.497764
516.000,202.718658
516.500,202.939551
517.000,203.160444
517.500,203.381337
518.000,203.602231
518.500,203.823124
519.000,204.044017
519.500,204.264910
520.000,204.485804
520.500,204.706697
521.000,204.927590
521.500,205.148483
522.000,205.369377
522.500,205.590270
523.000,205.811163
523.500,206.032056
524.000,206.252949
524.500,206.473843
525.000,206.694736
525.500,206.915629
526.000,207.136522
526.500,207.357416
527.000,207.578309
527.500,207.799202
528.000,208.020095
528.500,208.240989
529.000,208.461882
529.500,208.682775
530.000,208.903668
530.500,209.124562
531.000,209.345455
531.500,209.566348
532.000,209.787241
532.500,210.008134
533.000,210.229028
533.500,210.449921
534.000,210.670814
534.500,210.891707
535.000,211.112601
535.500,211.333494
536.000,211.554387
536.500,211.775280
537.000,211.996174
537.500,212.217067
538.000,212.437960
538.500,212.658853
539.000,212.879746
539.500,213.100640
540.000,213.321533
540.500,213.542426
541.000,213.763319
541.500,213.984213
542.000,214.205106
542.500,214.425999
543.000,214.646892
543.500,214.867786
544.000,215.088679
544.500,215.309572
545.000,215.530465
545.500,215.751359
546.000,215.972252
546.500,216.193145
547.000,216.414038
547.500,216.634931
548.000,216.855825
548.500,217.076718
549.000,217.297611
549.500,217.518504
550.000,217.739398
550.500,217.960291
551.000,218.181184
551.500,218.402077
552.000,218.622971
552.500,218.843864
553.000,219.064757
553.500,219.285650
554.000,219.506543
554.500,219.727437
555.000,219.948330
555.500,220.169223
556.000,220.390116
556.500,220.611010
557.000,220.831903
557.500,221.052796
558.000,221.273689
558.500,221.494583
559.000,221.715476
559.500,221.936369
560.000,222.157262
560.500,222.378156
561.000,222.599049
561.500,222.819942
562.000,223.040835
562.500,223.261728
563.000,223.482622
563.500,223.703515
564.000,223.924408
564.500,224.145301
565.000,224.366195
565.500,224.587088
566.000,224.807981
566.500,225.028874
567.000,225.249768
567.500,225.470661
568.000,225.691554
568.500,225.912447
569.000,226.133340
569.500,226.354234
570.000,226.575127
570.500,226.796020
571.000,227.016913
571.500,227.237807
572.000,227.458700
572.500,227.679593
573.000,227.900486
573.500,228.121380
574.000,228.342273
574.500,228.563166
575.000,228.784059
575.500,229.004953
576.000,229.225846
576.500,229.446739
577.000,229.667632
577.500,229.888525
578.000,230.109419
578.500,230.330312
579.000,230.551205
579.500,230.772098
580.000,230.992992
580.500,231.213885
581.000,231.434778
581.500,231.655671
582.000,231.876565
582.500,232.097458
583.000,232.318351
583.500,232.539244
584.000,232.760137
584.500,232.981031
585.000,233.201924
585.500,233.422817
586.000,233.643710
586.500,233.864604
587.000,234.085497
587.500,234.306390
588.000,234.527283
588.500,234.748177
589.000,234.969070
589.500,235.189963
590.000,235.410856
590.500,235.631750
591.000,235.852643
591.500,236.073536
592.000,236.294429
592.500,236.515322
593.000,236.736216
593.500,236.957109
594.000,237.178002
594.500,237.398895
595.000,237.619789
595.500,237.840682
596.000,238.061575
596.500,238.282468
597.000,238.503362
597.500,238.724255
598.000,238.945148
598.500,239.166041
599.000,239.386934
599.500,239.607828
600.000,239.828721
600.500,240.049614
601.000,240.270507
601.500,240.491401
602.000,240.712294
602.500,240.933187
603.000,241.154080
603.500,241.374974
604.000,241.595867
604.500,241.816760
605.000,242.037653
605.500,242.258547
606.000,242.479440
606.500,242.700333
607.000,242.921226
607.500,243.142119
608.000,243.363013
608.500,243.583906
609.000,243.804799
609.500,244.025692
610.000,244.246586
610.500,244.467479
611.000,244.688372
611.500,244.909265
612.000,245.130159
612.500,245.351052
613.000,245.571945
613.500,245.792838
614.000,246.013731
614.500,246.234625
615.000,246.455518
615.500,246.676411
616.000,246.897304
616.500,247.118198
617.000,247.339091
617.500,247.559984
618.000,247.780877
618.500,248.001771
619.000,248.222664
619.500,248.443557
620.000,248.664450
620.500,248.885344
621.000,249.106237
621.500,249.327130
622.000,249.548023
622.500,249.768916
623.000,249.989810
623.500,250.210703
624.000,250.431596
624.500,250.652489
625.000,250.873383
625.500,251.094276
626.000,251.315169
626.500,251.536062
627.000,251.756956
627.500,251.977849
628.000,252.198742
628.500,252.419635
629.000,252.640528
629.500,252.861422
630.000,253.082315
630.500,253.303208
631.000,253.524101
631.500,253.744995
632.000,253.965888
632.500,254.186781
633.000,254.407674
633.500,254.628568
634.000,254.849461
634.500,255.070354
635.000,255.291247
635.500,255.512141
636.000,255.733034
636.500,255.953927
637.000,256.174820
637.500,256.395713
638.000,256.616607
638.500,256.837500
639.000,257.058393
639.500,257.279286
640.000,257.500180
640.500,257.721073
641.000,257.941966
641.500,258.162859
642.000,258.383753
642.500,258.604646
643.000,258.825539
643.500,259.046432
644.000,259.267325
644.500,259.488219
645.000,259.709112
645.500,259.930005
646.000,260.150898
646.500,260.371792
647.000,260.592685
647.500,260.813578
648.000,261.034471
648.500,261.255365
649.000,261.476258
649.500,261.697151
650.000,261.918044
650.500,262.138938
651.000,262.359831
651.500,262.580724
652.000,262.801617
652.500,263.022510
653.000,263.243404
653.500,263.464297
654.000,263.685190
654.500,263.906083
655.000,264.126977
655.500,264.347870
656.000,264.568763
656.500,264.789656
657.000,265.010550
657.500,265.231443
658.000,265.452336
658.500,265.673229
659.000,265.894123
659.500,266.115016
660.000,266.335909
660.500,266.556802
661.000,266.777695
661.500,266.998589
662.000,267.219482
662.500,267.440375
663.000,267.661268
663.500,267.882162
664.000,268.103055
664.500,268.323948
665.000,268.544841
665.500,268.765735
666.000,268.986628
666.500,269.207521
667.000,269.428414
667.500,269.649307
668.000,269.870201
668.500,270.091094
669.000,270.311987
669.500,270.532880
670.000,270.753774
670.500,270.974667
671.000,271.195560
671.500,271.416453
672.000,271.637347
672.500,271.858240
673.000,272.079133
673.500,272.300026
674.000,272.520920
674.500,272.741813
675.000,272.962706
675.500,273.183599
676.000,273.404492
676.500,273.625386
677.000,273.846279
677.500,274.067172
678.000,274.288065
678.500,274.508959
679.000,274.729852
679.500,274.950745
680.000,275.171638
680.500,275.392532
681.000,275.613425
681.500,275.834318
682.000,276.055211
682.500,276.276104
683.000,276.496998
683.500,276.717891
684.000,276.938784
684.500,277.159677
685.000,277.380571
685.500,277.601464
686.000,277.822357
686.500,278.043250
687.000,278.264144
687.500,278.485037
688.000,278.705930
688.500,278.926823
689.000,279.147717
689.500,279.368610
690.000,279.589503
690.500,279.810396
691.000,280.031289
691.500,280.252183
692.000,280.473076
692.500,280.693969
693.000,280.914862
693.500,281.135756
694.000,281.356649
694.500,281.577542
695.000,281.798435
695.500,282.019329
696.000,282.240222
696.500,282.461115
697.000,282.682008
697.500,282.902901
698.000,283.123795
698.500,283.344688
699.000,283.565581
699.500,283.786474
700.000,284.007368
700.500,284.228261
701.000,284.449154
701.500,284.670047
702.000,284.890941
702.500,285.111834
703.000,285.332727
703.500,285.553620
704.000,285.774514
704.500,285.995407
705.000,286.216300
705.500,286.437193
706.000,286.658086
706.500,286.878980
707.000,287.099873
707.500,287.320766
708.000,287.541659
708.500,287.762553
709.000,287.983446
709.500,288.204339
710.000,288.425232
710.500,288.646126
711.000,288.867019
711.500,289.087912
712.000,289.308805
712.500,289.529698
713.000,289.750592
713.500,289.971485
714.000,290.192378
714.500,290.413271
715.000,290.634165
715.500,290.855058
716.000,291.075951
716.500,291.296844
717.000,291.517738
717.500,291.738631
718.000,291.959524
718.500,292.180417
719.000,292.401311
719.500,292.622204
720.000,292.843097
720.500,293.063990
721.000,293.284883
721.500,293.505777
722.000,293.726670
722.500,293.947563
723.000,294.168456
723.500,294.389350
724.000,294.610243
724.500,294.831136
725.000,295.052029
725.500,295.272923
726.000,295.493816
726.500,295.714709
727.000,295.935602
727.500,296.156495
728.000,296.377389
728.500,296.598282
729.000,296.819175
729.500,297.040068
730.000,297.260962
730.500,297.481855
731.000,297.702748
731.500,297.923641
732.000,298.144535
732.500,298.365428
733.000,298.586321
733.500,298.807214
734.000,299.028108
734.500,299.249001
735.000,299.469894
735.500,299.690787
736.000,299.911680
736.500,300.132574
737.000,300.353467
737.500,300.574360
738.000,300.795253
738.500,301.016147
739.000,301.237040
739.500,301.457933
740.000,301.678826
740.500,301.899720
741.000,302.120613
741.500,302.341506
742.000,302.562399
742.500,302.783292
743.000,303.004186
743.500,303.225079
744.000,303.445972
744.500,303.666865
745.000,303.887759
745.500,304.108652
746.000,304.329545
746.500,304.550438
747.000,304.771332
747.500,304.992225
748.000,305.213118
748.500,305.434011
749.000,305.654905
